﻿<?xml version="1.0" encoding="utf-8" ?>
<Data>
  <!--CONFIGURATIONS-->
  <!--
	select '<User><login>'||login||'</login><password><![CDATA['||'›©á¨ÓÎà'||']]></password></User>' from gtools_users
	where upper(login) not in ('JFRANCO','IPERES','ASERNADAS','JCOUTO','ABERTAO','DCOSTA','HRIBEIRO','MLOBEIRO')
	/-->
  <Configs>
    <Users>
      <User>
        <login>jfranco</login>
        <password><![CDATA[}ºÔªØÎ·è]]></password>
      </User>
      <User>
        <login>iperes</login>
        <password><![CDATA[}ºÔªØÎ·è]]></password>
      </User>
      <User>
        <login>jcouto</login>
        <password><![CDATA[}ºÔªØÎ·è]]></password>
      </User>
      <User>
        <login>asernadas</login>
        <password><![CDATA[}ºÔªØÎ·è]]></password>
      </User>
      <User>
        <login>abertao</login>
        <password><![CDATA[}ºÔªØÎ·è]]></password>
      </User>
      <User>
        <login>dcosta</login>
        <password><![CDATA[}ºÔªØÎ·è]]></password>
      </User>
      <User>
        <login>hribeiro</login>
        <password><![CDATA[}ºÔªØÎ·è]]></password>
      </User>
      <User>
        <login>mlobeiro</login>
        <password><![CDATA[}ºÔªØÎ·è]]></password>
      </User>
      <!--NOVOS_USER-->
      <User>
        <login>fvicente</login>
        <password><![CDATA[›©á¨ÓÎà]]></password>
      </User>
      <User>
        <login>esousa</login>
        <password><![CDATA[›©á¨ÓÎà]]></password>
      </User>
      <User>
        <login>aribeiro</login>
        <password><![CDATA[›©á¨ÓÎà]]></password>
      </User>
      <User>
        <login>AnaRibeiro</login>
        <password><![CDATA[›©á¨ÓÎà]]></password>
      </User>
      <User>
        <login>jpereira</login>
        <password><![CDATA[›©á¨ÓÎà]]></password>
      </User>
      <User>
        <login>nribeiro</login>
        <password><![CDATA[›©á¨ÓÎà]]></password>
      </User>
      <User>
        <login>hsantos</login>
        <password><![CDATA[›©á¨ÓÎà]]></password>
      </User>
      <User>
        <login>jgomes</login>
        <password><![CDATA[›©á¨ÓÎà]]></password>
      </User>
      <User>
        <login>ncruz</login>
        <password><![CDATA[›©á¨ÓÎà]]></password>
      </User>
      <User>
        <login>jsaraiva</login>
        <password><![CDATA[›©á¨ÓÎà]]></password>
      </User>
      <User>
        <login>foliveira</login>
        <password><![CDATA[›©á¨ÓÎà]]></password>
      </User>
      <User>
        <login>acorreia</login>
        <password><![CDATA[›©á¨ÓÎà]]></password>
      </User>
      <User>
        <login>rcoelho</login>
        <password><![CDATA[›©á¨ÓÎà]]></password>
      </User>
      <User>
        <login>mgoncalves</login>
        <password><![CDATA[›©á¨ÓÎà]]></password>
      </User>
      <User>
        <login>fgoncalves</login>
        <password><![CDATA[›©á¨ÓÎà]]></password>
      </User>
      <User>
        <login>fnogueira</login>
        <password><![CDATA[›©á¨ÓÎà]]></password>
      </User>
      <User>
        <login>poliveira</login>
        <password><![CDATA[›©á¨ÓÎà]]></password>
      </User>
      <User>
        <login>mhenriques</login>
        <password><![CDATA[›©á¨ÓÎà]]></password>
      </User>
      <User>
        <login>jboas</login>
        <password><![CDATA[›©á¨ÓÎà]]></password>
      </User>
      <User>
        <login>adias</login>
        <password><![CDATA[›©á¨ÓÎà]]></password>
      </User>
      <User>
        <login>vvideira</login>
        <password><![CDATA[›©á¨ÓÎà]]></password>
      </User>
      <User>
        <login>jribeiro</login>
        <password><![CDATA[›©á¨ÓÎà]]></password>
      </User>
      <User>
        <login>cfaria</login>
        <password><![CDATA[›©á¨ÓÎà]]></password>
      </User>
      <User>
        <login>mnunes</login>
        <password><![CDATA[›©á¨ÓÎà]]></password>
      </User>
      <User>
        <login>fbrito</login>
        <password><![CDATA[›©á¨ÓÎà]]></password>
      </User>
      <User>
        <login>blopes</login>
        <password><![CDATA[›©á¨ÓÎà]]></password>
      </User>
      <User>
        <login>bgil</login>
        <password><![CDATA[›©á¨ÓÎà]]></password>
      </User>
      <User>
        <login>dferreira</login>
        <password><![CDATA[›©á¨ÓÎà]]></password>
      </User>
      <User>
        <login>tamarelhe</login>
        <password><![CDATA[›©á¨ÓÎà]]></password>
      </User>
      <User>
        <login>pazevedo</login>
        <password><![CDATA[›©á¨ÓÎà]]></password>
      </User>
      <User>
        <login>agraca</login>
        <password><![CDATA[›©á¨ÓÎà]]></password>
      </User>
      <User>
        <login>lantunes</login>
        <password><![CDATA[›©á¨ÓÎà]]></password>
      </User>
      <User>
        <login>fcabral</login>
        <password><![CDATA[›©á¨ÓÎà]]></password>
      </User>
      <User>
        <login>abrizida</login>
        <password><![CDATA[›©á¨ÓÎà]]></password>
      </User>
      <User>
        <login>jsilva</login>
        <password><![CDATA[›©á¨ÓÎà]]></password>
      </User>
      <User>
        <login>jmouta</login>
        <password><![CDATA[›©á¨ÓÎà]]></password>
      </User>
      <User>
        <login>afonseca</login>
        <password><![CDATA[›©á¨ÓÎà]]></password>
      </User>
      <User>
        <login>ricardoferreira</login>
        <password><![CDATA[›©á¨ÓÎà]]></password>
      </User>
      <User>
        <login>mlisboa</login>
        <password><![CDATA[›©á¨ÓÎà]]></password>
      </User>
      <User>
        <login>tfaria</login>
        <password><![CDATA[›©á¨ÓÎà]]></password>
      </User>
      <User>
        <login>eferreira</login>
        <password><![CDATA[›©á¨ÓÎà]]></password>
      </User>
      <User>
        <login>grodrigues</login>
        <password><![CDATA[›©á¨ÓÎà]]></password>
      </User>
      <User>
        <login>ppinto</login>
        <password><![CDATA[›©á¨ÓÎà]]></password>
      </User>
      <User>
        <login>pnevoa</login>
        <password><![CDATA[›©á¨ÓÎà]]></password>
      </User>
      <User>
        <login>rpinheiro</login>
        <password><![CDATA[›©á¨ÓÎà]]></password>
      </User>
      <User>
        <login>gmatos</login>
        <password><![CDATA[›©á¨ÓÎà]]></password>
      </User>
      <User>
        <login>ggoncalves</login>
        <password><![CDATA[›©á¨ÓÎà]]></password>
      </User>
      <User>
        <login>fsegredo</login>
        <password><![CDATA[›©á¨ÓÎà]]></password>
      </User>
      <User>
        <login>jcampos</login>
        <password><![CDATA[›©á¨ÓÎà]]></password>
      </User>
      <User>
        <login>pferreira</login>
        <password><![CDATA[›©á¨ÓÎà]]></password>
      </User>
      <User>
        <login>tbarao</login>
        <password><![CDATA[›©á¨ÓÎà]]></password>
      </User>
      <User>
        <login>rasilva</login>
        <password><![CDATA[›©á¨ÓÎà]]></password>
      </User>
      <User>
        <login>pladeira</login>
        <password><![CDATA[›©á¨ÓÎà]]></password>
      </User>
      <User>
        <login>amelo</login>
        <password><![CDATA[›©á¨ÓÎà]]></password>
      </User>
      <User>
        <login>jrodrigues</login>
        <password><![CDATA[›©á¨ÓÎà]]></password>
      </User>
      <User>
        <login>sreis</login>
        <password><![CDATA[›©á¨ÓÎà]]></password>
      </User>
      <User>
        <login>mgouveia</login>
        <password><![CDATA[›©á¨ÓÎà]]></password>
      </User>
      <User>
        <login>fcorreia</login>
        <password><![CDATA[›©á¨ÓÎà]]></password>
      </User>
      <User>
        <login>frocha</login>
        <password><![CDATA[›©á¨ÓÎà]]></password>
      </User>
      <User>
        <login>rramalho</login>
        <password><![CDATA[›©á¨ÓÎà]]></password>
      </User>
      <User>
        <login>pnogueira</login>
        <password><![CDATA[›©á¨ÓÎà]]></password>
      </User>
      <User>
        <login>jsa</login>
        <password><![CDATA[›©á¨ÓÎà]]></password>
      </User>
      <User>
        <login>rpereira</login>
        <password><![CDATA[›©á¨ÓÎà]]></password>
      </User>
      <User>
        <login>TESTE</login>
        <password><![CDATA[›©á¨ÓÎà]]></password>
      </User>
      <User>
        <login>tpereira</login>
        <password><![CDATA[›©á¨ÓÎà]]></password>
      </User>
      <User>
        <login>mlhenriques</login>
        <password><![CDATA[›©á¨ÓÎà]]></password>
      </User>
      <User>
        <login>alopes</login>
        <password><![CDATA[›©á¨ÓÎà]]></password>
      </User>
      <User>
        <login>nsilva</login>
        <password><![CDATA[›©á¨ÓÎà]]></password>
      </User>
      <User>
        <login>lvelho</login>
        <password><![CDATA[›©á¨ÓÎà]]></password>
      </User>
      <User>
        <login>mramos</login>
        <password><![CDATA[›©á¨ÓÎà]]></password>
      </User>
      <User>
        <login>jmonteiro</login>
        <password><![CDATA[›©á¨ÓÎà]]></password>
      </User>
      <User>
        <login>fsantos</login>
        <password><![CDATA[›©á¨ÓÎà]]></password>
      </User>
      <User>
        <login>cpatusco</login>
        <password><![CDATA[›©á¨ÓÎà]]></password>
      </User>
      <User>
        <login>hferreira</login>
        <password><![CDATA[›©á¨ÓÎà]]></password>
      </User>
      <User>
        <login>ruiferreira</login>
        <password><![CDATA[›©á¨ÓÎà]]></password>
      </User>
      <User>
        <login>sfernandes</login>
        <password><![CDATA[›©á¨ÓÎà]]></password>
      </User>
      <User>
        <login>rgoncalves</login>
        <password><![CDATA[›©á¨ÓÎà]]></password>
      </User>
      <User>
        <login>rparreira</login>
        <password><![CDATA[›©á¨ÓÎà]]></password>
      </User>
    </Users>
  </Configs>
</Data>