﻿<?xml version="1.0" encoding="utf-8"?>
<Data>
  <!--CONFIGURATIONS-->
  <!--<Configs>
    <DefaultConfigs>
      <PROXY_URL></PROXY_URL>
      <PROXY_PORT></PROXY_PORT>
      <PROXY_USER></PROXY_USER>
      <PROXY_DOMAIN></PROXY_DOMAIN>
      <PROXY_PWD></PROXY_PWD>
     </DefaultConfigs>
  </Configs>-->
  <Products>
    <!--select '<Product>'||'<name><![CDATA['||NOME||']]></name>'||'<id><![CDATA['||ID||']]></id></Product>'from btec.bt_produtos
union all
select '<Product>'||'<name><![CDATA['||DECODE(NOME,'GH_FA','FACTUS',NOME)||']]></name>'||'<id><![CDATA['||ID||']]></id></Product>'from btec.bt_produtos where nome ='GH_FA'
order by ;-->
    <Product>
      <name><![CDATA[ANAPAT]]></name>
      <id><![CDATA[8]]></id>
    </Product>
    <Product>
      <name><![CDATA[ANATOMYWORKFLOW]]></name>
      <id><![CDATA[30]]></id>
    </Product>
    <Product>
      <name><![CDATA[AO]]></name>
      <id><![CDATA[33]]></id>
    </Product>
    <Product>
      <name><![CDATA[API_INTERNAL]]></name>
      <id><![CDATA[35]]></id>
    </Product>
    <Product>
      <name><![CDATA[ATENDIMENTO]]></name>
      <id><![CDATA[13]]></id>
    </Product>
    <Product>
      <name><![CDATA[ATENDIMENTO_WEB]]></name>
      <id><![CDATA[26]]></id>
    </Product>
    <Product>
      <name><![CDATA[BEDSIDE]]></name>
      <id><![CDATA[43]]></id>
    </Product>
    <Product>
      <name><![CDATA[CONTACTCENTER]]></name>
      <id><![CDATA[36]]></id>
    </Product>
    <Product>
      <name><![CDATA[CTH]]></name>
      <id><![CDATA[14]]></id>
    </Product>
    <Product>
      <name><![CDATA[DIET]]></name>
      <id><![CDATA[31]]></id>
    </Product>
    <Product>
      <name><![CDATA[DIET_HTML]]></name>
      <id><![CDATA[44]]></id>
    </Product>
    <Product>
      <name><![CDATA[DYNFORMS]]></name>
      <id><![CDATA[39]]></id>
    </Product>
    <Product>
      <name><![CDATA[ENF]]></name>
      <id><![CDATA[4]]></id>
    </Product>
    <Product>
      <name><![CDATA[EPR]]></name>
      <id><![CDATA[2]]></id>
    </Product>
    <Product>
      <name><![CDATA[EPR_MOBILE]]></name>
      <id><![CDATA[9]]></id>
    </Product>
    <Product>
      <name><![CDATA[ERESULTS]]></name>
      <id><![CDATA[15]]></id>
    </Product>
    <Product>
      <name><![CDATA[FACTUS]]></name>
      <id><![CDATA[5]]></id>
    </Product>
    <Product>
      <name><![CDATA[FORMULARIOS_DINAMICOS]]></name>
      <id><![CDATA[34]]></id>
    </Product>
    <Product>
      <name><![CDATA[GA]]></name>
      <id><![CDATA[7]]></id>
    </Product>
    <Product>
      <name><![CDATA[GH]]></name>
      <id><![CDATA[1]]></id>
    </Product>
    <Product>
      <name><![CDATA[GH_FA]]></name>
      <id><![CDATA[5]]></id>
    </Product>
    <Product>
      <name><![CDATA[GH_FA_SNS]]></name>
      <id><![CDATA[6]]></id>
    </Product>
    <Product>
      <name><![CDATA[GISS]]></name>
      <id><![CDATA[22]]></id>
    </Product>
    <Product>
      <name><![CDATA[GLOBAL]]></name>
      <id><![CDATA[40]]></id>
    </Product>
    <Product>
      <name><![CDATA[GLOBAL_CONFIG]]></name>
      <id><![CDATA[41]]></id>
    </Product>
    <Product>
      <name><![CDATA[GPLATFORM]]></name>
      <id><![CDATA[42]]></id>
    </Product>
    <Product>
      <name><![CDATA[HONOR]]></name>
      <id><![CDATA[10]]></id>
    </Product>
    <Product>
      <name><![CDATA[MIS_DD]]></name>
      <id><![CDATA[18]]></id>
    </Product>
    <Product>
      <name><![CDATA[NEFRO]]></name>
      <id><![CDATA[20]]></id>
    </Product>
    <Product>
      <name><![CDATA[PAINELENFERMAGEM]]></name>
      <id><![CDATA[25]]></id>
    </Product>
    <Product>
      <name><![CDATA[PDS]]></name>
      <id><![CDATA[28]]></id>
    </Product>
    <Product>
      <name><![CDATA[PEDIDOSMCDT]]></name>
      <id><![CDATA[16]]></id>
    </Product>
    <Product>
      <name><![CDATA[PEM]]></name>
      <id><![CDATA[38]]></id>
    </Product>
    <Product>
      <name><![CDATA[PIM]]></name>
      <id><![CDATA[19]]></id>
    </Product>
    <Product>
      <name><![CDATA[PLH_DOC]]></name>
      <id><![CDATA[11]]></id>
    </Product>
    <Product>
      <name><![CDATA[PRINTSERVER]]></name>
      <id><![CDATA[17]]></id>
    </Product>
    <Product>
      <name><![CDATA[SGA]]></name>
      <id><![CDATA[21]]></id>
    </Product>
    <Product>
      <name><![CDATA[SGICM]]></name>
      <id><![CDATA[3]]></id>
    </Product>
    <Product>
      <name><![CDATA[SGICM_GH]]></name>
      <id><![CDATA[23]]></id>
    </Product>
    <Product>
      <name><![CDATA[SGICM_LG]]></name>
      <id><![CDATA[12]]></id>
    </Product>
    <Product>
      <name><![CDATA[SGICM_SONHO]]></name>
      <id><![CDATA[24]]></id>
    </Product>
    <Product>
      <name><![CDATA[SINAVE]]></name>
      <id><![CDATA[37]]></id>
    </Product>
    <Product>
      <name><![CDATA[TACT]]></name>
      <id><![CDATA[32]]></id>
    </Product>
    <Product>
      <name><![CDATA[GRAFICOS]]></name>
      <id><![CDATA[45]]></id>
    </Product>
    <Product>
      <name><![CDATA[TRIAGEM]]></name>
      <id><![CDATA[46]]></id>
    </Product>
  </Products>
  <Tasks>
    <!--API_INTERNAL-->
    <Task>
      <product><![CDATA[API_INTERNAL]]></product>
      <name><![CDATA[DOC_TYPES]]></name>
      <type><![CDATA[EXE]]></type>
      <task_run><![CDATA[API_INTERNAL\CLEAN_FILES.bat]]></task_run>
    </Task>
    <!--END API_INTERNAL-->
    <!--EPR_MOBILE-->
    <Task>
      <product><![CDATA[EPR_MOBILE]]></product>
      <name><![CDATA[DOC_TYPES]]></name>
      <type><![CDATA[EXE]]></type>
      <task_run><![CDATA[0_GII\0_GlinttHS.Tools.IISIntaller\DocTypes\Glintths.eR.DocTypes.exe]]></task_run>
    </Task>
    <Task>
      <product><![CDATA[EPR_MOBILE]]></product>
      <name><![CDATA[CLEAN_FOLDERS]]></name>
      <type><![CDATA[BAT]]></type>
      <task_run>
        <![CDATA[pause
RMDIR  /s /q %~dp0\Glintths.TestCallPDS
RMDIR  /s /q %~dp0\Glintths.TestEPR
RMDIR  /s /q %~dp0\Glintths.TokenAccess.WebServices
RMDIR  /s /q %~dp0\Glintths.WebProxy
EXIT]]>
      </task_run>
    </Task>
    <!--END EPR_MOBILE-->
    <!--ERESULTS-->
    <Task>
      <product><![CDATA[ERESULTS]]></product>
      <name><![CDATA[DOC_TYPES]]></name>
      <type><![CDATA[EXE]]></type>
      <task_run><![CDATA[0_GII\0_GlinttHS.Tools.IISIntaller\DocTypes\Glintths.eR.DocTypes.exe]]></task_run>
    </Task>
    <!--END ERESULTS-->
    <!--PDS-->
    <Task>
      <product><![CDATA[PDS]]></product>
      <name><![CDATA[DOC_TYPES]]></name>
      <type><![CDATA[EXE]]></type>
      <task_run><![CDATA[0_GII\0_GlinttHS.Tools.IISIntaller\DocTypes\Glintths.eR.DocTypes.exe]]></task_run>
    </Task>
    <Task>
      <product><![CDATA[PDS]]></product>
      <name><![CDATA[CLEAN_FOLDERS]]></name>
      <type><![CDATA[BAT]]></type>
      <task_run>
        <![CDATA[pause
RMDIR  /s /q %~dp0\Cpchs.Activities.WCF.Host
RMDIR  /s /q %~dp0\Cpchs.Documents.Web.DataPresenter
RMDIR  /s /q %~dp0\Cpchs.Entities.WCF.Host
RMDIR  /s /q %~dp0\Cpchs.History.WCF.Host
RMDIR  /s /q %~dp0\GlinttHS.API.Internal.WS
RMDIR  /s /q %~dp0\Glintths.ATD.Services.WCFServices
RMDIR  /s /q %~dp0\Glintths.Authorization.Providers.WebServices
RMDIR  /s /q %~dp0\Glintths.Base.WCF.Host
RMDIR  /s /q %~dp0\Glintths.GenericReports
RMDIR  /s /q %~dp0\Glintths.Graficos
RMDIR  /s /q %~dp0\GlinttHS.Infrastructure.BaseUtilitiesManagement.WebServices
RMDIR  /s /q %~dp0\Glintths.Mcdt.Codifications.Host
RMDIR  /s /q %~dp0\Glintths.Mcdt.Entities.Host
RMDIR  /s /q %~dp0\Glintths.Mcdt.Requests.Host
RMDIR  /s /q %~dp0\Glintths.Modules.BDNP2013.WCFService
RMDIR  /s /q %~dp0\Glintths.Modules.CRD.WCFService
RMDIR  /s /q %~dp0\Glintths.Modules.DataManagement.WebServices
RMDIR  /s /q %~dp0\Glintths.Modules.RNU2013.WCFService
RMDIR  /s /q %~dp0\Glintths.PEM.Public
RMDIR  /s /q %~dp0\Glintths.PEM.Services.WCFService
RMDIR  /s /q %~dp0\Glintths.PIM.Services.WCFService
RMDIR  /s /q %~dp0\GlinttHS.Services.Configuration.WCFServices
RMDIR  /s /q %~dp0\GlinttHS.Services.Notification.WCFServices
RMDIR  /s /q %~dp0\GlinttHS.Services.Urgency.WCFServices
RMDIR  /s /q %~dp0\Glintths.Shell_Blue
RMDIR  /s /q %~dp0\PRESCRIPTION_DOCS
EXIT]]>
      </task_run>
    </Task>
    <!--END PDS-->
  </Tasks>
  <MimeTypesProducts>
    <Product>
      <name><![CDATA[FACTUS]]></name>
      <MimeTypes>
        <MimeType>
          <fileExtension><![CDATA[.rpt]]></fileExtension>
          <mimeType><![CDATA[application/reports]]></mimeType>
        </MimeType>        
      </MimeTypes>
    </Product>
    <Product>
      <name><![CDATA[ATENDIMENTO_WEB]]></name>
      <MimeTypes>
        <MimeType>
          <fileExtension><![CDATA[.json]]></fileExtension>
          <mimeType><![CDATA[application/json]]></mimeType>
        </MimeType>
      </MimeTypes>
    </Product>
    <Product>
      <name><![CDATA[PEDIDOSMCDT]]></name>
      <MimeTypes>
        <MimeType>
          <fileExtension><![CDATA[.json]]></fileExtension>
          <mimeType><![CDATA[application/json]]></mimeType>
        </MimeType>
      </MimeTypes>
    </Product>
    <Product>
      <name><![CDATA[GPLATFORM]]></name>
      <MimeTypes>
        <MimeType>
          <fileExtension><![CDATA[.zprt]]></fileExtension>
          <mimeType><![CDATA[text/plain]]></mimeType>
        </MimeType>
      </MimeTypes>
    </Product>
  </MimeTypesProducts>
  <IISConfigs>
    <IISConfig>
      <product><![CDATA[FACTUS]]></product>
      <webservicesList>
        <webservice>
          <folder><![CDATA[Webshare]]></folder>
          <configList>
            <!--system.webServer.object type-->
            <config>
              <name><![CDATA[directoryBrowse]]></name>
              <value><![CDATA[true]]></value>
            </config>
            <config>
              <name><![CDATA[mimeType]]></name>
              <value><![CDATA[.rpt_#_application/reports]]></value>
            </config>
          </configList>
        </webservice>
      </webservicesList>
    </IISConfig>
    <IISConfig>
      <product><![CDATA[API_INTERNAL]]></product>
      <webservicesList>
        <webservice>
          <folder><![CDATA[PRESCRIPTION_DOCS]]></folder>
          <configList>
            <!--system.webServer.object type-->
            <config>
              <name><![CDATA[directoryBrowse]]></name>
              <value><![CDATA[false]]></value>
            </config>
            <config>
              <name><![CDATA[mimeType]]></name>
              <value><![CDATA[.rpt_#_application/reports]]></value>
            </config>
          </configList>
        </webservice>
      </webservicesList>
    </IISConfig>
    <IISConfig>
      <product><![CDATA[GPLATFORM]]></product>
      <webservicesList>
        <webservice>
          <folder><![CDATA[GlinttHS.API.Internal.WS.AnatomyWF]]></folder>
          <configList>
            <!--system.webServer.object type-->
            <config>
              <name><![CDATA[directoryBrowse]]></name>
              <value><![CDATA[true]]></value>
            </config>
            <config>
              <name><![CDATA[mimeType]]></name>
              <value><![CDATA[.zprt_#_text/plain]]></value>
            </config>
          </configList>
        </webservice>
      </webservicesList>
    </IISConfig>
  </IISConfigs>
  <!--Versions-->
  <versions>
    <!--IIIIIIIIIIIIIIIIII-->
    <version>
      <name>00R000</name>
    </version>
    <version>
      <name>10R101</name>
    </version>
    <version>
      <name>10R102</name>
    </version>
    <version>
      <name>11R101</name>
    </version>
    <version>
      <name>11R102</name>
    </version>
    <version>
      <name>11R103</name>
    </version>
    <version>
      <name>12R101</name>
    </version>
    <version>
      <name>12R102</name>
    </version>
    <version>
      <name>12R103</name>
    </version>
    <version>
      <name>12R104</name>
    </version>
    <version>
      <name>12R105</name>
    </version>
    <version>
      <name>12R106</name>
    </version>
    <version>
      <name>12R107</name>
    </version>
    <version>
      <name>12R108</name>
    </version>
    <version>
      <name>12R109</name>
    </version>
    <version>
      <name>13R101</name>
    </version>
    <version>
      <name>13R102</name>
    </version>
    <version>
      <name>13R103</name>
    </version>
    <version>
      <name>13R104</name>
    </version>
    <version>
      <name>13R105</name>
    </version>
    <!--14R1-->
    <version>
      <name>14R101</name>
    </version>
    <version>
      <name>14R102</name>
    </version>
    <version>
      <name>14R103</name>
    </version>
    <version>
      <name>14R104</name>
    </version>
    <version>
      <name>14R105</name>
    </version>
    <version>
      <name>14R106</name>
    </version>
    <version>
      <name>14R107</name>
    </version>
    <version>
      <name>14R108</name>
    </version>
    <version>
      <name>14R109</name>
    </version>
    <!--15R1-->
    <version>
      <name>15R101</name>
    </version>
    <version>
      <name>15R102</name>
    </version>
    <version>
      <name>15R103</name>
    </version>
    <version>
      <name>15R104</name>
    </version>
    <version>
      <name>15R105</name>
    </version>
    <version>
      <name>15R106</name>
    </version>
    <version>
      <name>15R107</name>
    </version>
    <version>
      <name>15R108</name>
    </version>
    <version>
      <name>15R109</name>
    </version>
    <!--16R1-->
    <version>
      <name>16R101</name>
    </version>
    <version>
      <name>16R102</name>
    </version>
    <version>
      <name>16R103</name>
    </version>
    <version>
      <name>16R104</name>
    </version>
    <version>
      <name>16R105</name>
    </version>
    <version>
      <name>16R106</name>
    </version>
    <version>
      <name>16R107</name>
    </version>
    <version>
      <name>16R108</name>
    </version>
    <version>
      <name>16R109</name>
    </version>
    <!--17R1-->
    <version>
      <name>17R101</name>
    </version>
    <version>
      <name>17R102</name>
    </version>
    <version>
      <name>17R103</name>
    </version>
    <version>
      <name>17R104</name>
    </version>
    <version>
      <name>17R105</name>
    </version>
    <version>
      <name>17R106</name>
    </version>
    <version>
      <name>17R107</name>
    </version>
    <version>
      <name>17R108</name>
    </version>
    <version>
      <name>17R109</name>
    </version>
    <!--18R1-->
    <version>
      <name>18R101</name>
    </version>
    <version>
      <name>18R102</name>
    </version>
    <version>
      <name>18R103</name>
    </version>
    <version>
      <name>18R104</name>
    </version>
    <version>
      <name>18R105</name>
    </version>
    <version>
      <name>18R106</name>
    </version>
    <version>
      <name>18R107</name>
    </version>
    <version>
      <name>18R108</name>
    </version>
    <version>
      <name>18R109</name>
    </version>
    <!--19R1-->
    <version>
      <name>19R101</name>
    </version>
    <version>
      <name>19R102</name>
    </version>
    <version>
      <name>19R103</name>
    </version>
    <version>
      <name>19R104</name>
    </version>
    <version>
      <name>19R105</name>
    </version>
    <version>
      <name>19R106</name>
    </version>
    <version>
      <name>19R107</name>
    </version>
    <version>
      <name>19R108</name>
    </version>
    <version>
      <name>19R109</name>
    </version>
    <!--20R1-->
    <version>
      <name>20R101</name>
    </version>
    <version>
      <name>20R102</name>
    </version>
    <version>
      <name>20R103</name>
    </version>
    <version>
      <name>20R104</name>
    </version>
    <version>
      <name>20R105</name>
    </version>
    <version>
      <name>20R106</name>
    </version>
    <version>
      <name>20R107</name>
    </version>
    <version>
      <name>20R108</name>
    </version>
    <version>
      <name>20R109</name>
    </version>
    <!--21R1-->
    <version>
      <name>21R101</name>
    </version>
    <version>
      <name>21R102</name>
    </version>
    <version>
      <name>21R103</name>
    </version>
    <version>
      <name>21R104</name>
    </version>
    <version>
      <name>21R105</name>
    </version>
    <version>
      <name>21R106</name>
    </version>
    <version>
      <name>21R107</name>
    </version>
    <version>
      <name>21R108</name>
    </version>
    <version>
      <name>21R109</name>
    </version>
    <!--22R1-->
    <version>
      <name>22R101</name>
    </version>
    <version>
      <name>22R102</name>
    </version>
    <version>
      <name>22R103</name>
    </version>
    <version>
      <name>22R104</name>
    </version>
    <version>
      <name>22R105</name>
    </version>
    <version>
      <name>22R106</name>
    </version>
    <version>
      <name>22R107</name>
    </version>
    <version>
      <name>22R108</name>
    </version>
    <version>
      <name>22R109</name>
    </version>
    <!--23R1-->
    <version>
      <name>23R101</name>
    </version>
    <version>
      <name>23R102</name>
    </version>
    <version>
      <name>23R103</name>
    </version>
    <version>
      <name>23R104</name>
    </version>
    <version>
      <name>23R105</name>
    </version>
    <version>
      <name>23R106</name>
    </version>
    <version>
      <name>23R107</name>
    </version>
    <version>
      <name>23R108</name>
    </version>
    <version>
      <name>23R109</name>
    </version>
    <!--24R1-->
    <version>
      <name>24R101</name>
    </version>
    <version>
      <name>24R102</name>
    </version>
    <version>
      <name>24R103</name>
    </version>
    <version>
      <name>24R104</name>
    </version>
    <version>
      <name>24R105</name>
    </version>
    <version>
      <name>24R106</name>
    </version>
    <version>
      <name>24R107</name>
    </version>
    <version>
      <name>24R108</name>
    </version>
    <version>
      <name>24R109</name>
    </version>
    <!--25R1-->
    <version>
      <name>25R101</name>
    </version>
    <version>
      <name>25R102</name>
    </version>
    <version>
      <name>25R103</name>
    </version>
    <version>
      <name>25R104</name>
    </version>
    <version>
      <name>25R105</name>
    </version>
    <version>
      <name>25R106</name>
    </version>
    <version>
      <name>25R107</name>
    </version>
    <version>
      <name>25R108</name>
    </version>
    <version>
      <name>25R109</name>
    </version>
    <!--26R1-->
    <version>
      <name>26R101</name>
    </version>
    <version>
      <name>26R102</name>
    </version>
    <version>
      <name>26R103</name>
    </version>
    <version>
      <name>26R104</name>
    </version>
    <version>
      <name>26R105</name>
    </version>
    <version>
      <name>26R106</name>
    </version>
    <version>
      <name>26R107</name>
    </version>
    <version>
      <name>26R108</name>
    </version>
    <version>
      <name>26R109</name>
    </version>
    <!--IIIIIIIIIIIIIIIIII-->
    <version>
      <name>99R101</name>
    </version>
    <version>
      <name>9999</name>
    </version>
  </versions>
  <!--Patch-->
  <patchs>
    <patch>
      <name>000</name>
    </patch>
    <patch>
      <name>001</name>
    </patch>
    <patch>
      <name>002</name>
    </patch>
    <patch>
      <name>003</name>
    </patch>
    <patch>
      <name>004</name>
    </patch>
    <patch>
      <name>005</name>
    </patch>
    <patch>
      <name>006</name>
    </patch>
    <patch>
      <name>007</name>
    </patch>
    <patch>
      <name>008</name>
    </patch>
    <patch>
      <name>009</name>
    </patch>
    <patch>
      <name>010</name>
    </patch>
    <patch>
      <name>011</name>
    </patch>
    <patch>
      <name>012</name>
    </patch>
    <patch>
      <name>013</name>
    </patch>
    <patch>
      <name>014</name>
    </patch>
    <patch>
      <name>015</name>
    </patch>
    <patch>
      <name>016</name>
    </patch>
    <patch>
      <name>017</name>
    </patch>
    <patch>
      <name>018</name>
    </patch>
    <patch>
      <name>019</name>
    </patch>
    <patch>
      <name>020</name>
    </patch>
    <patch>
      <name>021</name>
    </patch>
    <patch>
      <name>022</name>
    </patch>
    <patch>
      <name>023</name>
    </patch>
    <patch>
      <name>024</name>
    </patch>
    <patch>
      <name>025</name>
    </patch>
    <patch>
      <name>026</name>
    </patch>
    <patch>
      <name>027</name>
    </patch>
    <patch>
      <name>028</name>
    </patch>
    <patch>
      <name>029</name>
    </patch>
    <patch>
      <name>030</name>
    </patch>
    <patch>
      <name>031</name>
    </patch>
    <patch>
      <name>032</name>
    </patch>
    <patch>
      <name>033</name>
    </patch>
    <patch>
      <name>034</name>
    </patch>
    <patch>
      <name>035</name>
    </patch>
    <patch>
      <name>036</name>
    </patch>
    <patch>
      <name>037</name>
    </patch>
    <patch>
      <name>038</name>
    </patch>
    <patch>
      <name>039</name>
    </patch>
    <patch>
      <name>040</name>
    </patch>
    <patch>
      <name>041</name>
    </patch>
    <patch>
      <name>042</name>
    </patch>
    <patch>
      <name>043</name>
    </patch>
    <patch>
      <name>044</name>
    </patch>
    <patch>
      <name>045</name>
    </patch>
    <patch>
      <name>046</name>
    </patch>
    <patch>
      <name>047</name>
    </patch>
    <patch>
      <name>048</name>
    </patch>
    <patch>
      <name>049</name>
    </patch>
    <patch>
      <name>050</name>
    </patch>
    <patch>
      <name>051</name>
    </patch>
    <patch>
      <name>052</name>
    </patch>
    <patch>
      <name>053</name>
    </patch>
    <patch>
      <name>054</name>
    </patch>
    <patch>
      <name>055</name>
    </patch>
    <patch>
      <name>056</name>
    </patch>
    <patch>
      <name>057</name>
    </patch>
    <patch>
      <name>058</name>
    </patch>
    <patch>
      <name>059</name>
    </patch>
    <patch>
      <name>060</name>
    </patch>
    <patch>
      <name>061</name>
    </patch>
    <patch>
      <name>062</name>
    </patch>
    <patch>
      <name>063</name>
    </patch>
    <patch>
      <name>064</name>
    </patch>
    <patch>
      <name>065</name>
    </patch>
    <patch>
      <name>066</name>
    </patch>
    <patch>
      <name>067</name>
    </patch>
    <patch>
      <name>068</name>
    </patch>
    <patch>
      <name>069</name>
    </patch>
    <patch>
      <name>070</name>
    </patch>
    <patch>
      <name>071</name>
    </patch>
    <patch>
      <name>072</name>
    </patch>
    <patch>
      <name>073</name>
    </patch>
    <patch>
      <name>074</name>
    </patch>
    <patch>
      <name>075</name>
    </patch>
    <patch>
      <name>076</name>
    </patch>
    <patch>
      <name>077</name>
    </patch>
    <patch>
      <name>078</name>
    </patch>
    <patch>
      <name>079</name>
    </patch>
    <patch>
      <name>080</name>
    </patch>
    <patch>
      <name>081</name>
    </patch>
    <patch>
      <name>082</name>
    </patch>
    <patch>
      <name>083</name>
    </patch>
    <patch>
      <name>084</name>
    </patch>
    <patch>
      <name>085</name>
    </patch>
    <patch>
      <name>086</name>
    </patch>
    <patch>
      <name>087</name>
    </patch>
    <patch>
      <name>088</name>
    </patch>
    <patch>
      <name>089</name>
    </patch>
    <patch>
      <name>090</name>
    </patch>
    <patch>
      <name>091</name>
    </patch>
    <patch>
      <name>092</name>
    </patch>
    <patch>
      <name>093</name>
    </patch>
    <patch>
      <name>094</name>
    </patch>
    <patch>
      <name>095</name>
    </patch>
    <patch>
      <name>096</name>
    </patch>
    <patch>
      <name>097</name>
    </patch>
    <patch>
      <name>098</name>
    </patch>
    <patch>
      <name>099</name>
    </patch>
    <patch>
      <name>100</name>
    </patch>
    <patch>
      <name>101</name>
    </patch>
    <patch>
      <name>102</name>
    </patch>
    <patch>
      <name>103</name>
    </patch>
    <patch>
      <name>104</name>
    </patch>
    <patch>
      <name>105</name>
    </patch>
    <patch>
      <name>106</name>
    </patch>
    <patch>
      <name>107</name>
    </patch>
    <patch>
      <name>108</name>
    </patch>
    <patch>
      <name>109</name>
    </patch>
    <patch>
      <name>110</name>
    </patch>
    <patch>
      <name>111</name>
    </patch>
    <patch>
      <name>112</name>
    </patch>
    <patch>
      <name>113</name>
    </patch>
    <patch>
      <name>114</name>
    </patch>
    <patch>
      <name>115</name>
    </patch>
    <patch>
      <name>116</name>
    </patch>
    <patch>
      <name>117</name>
    </patch>
    <patch>
      <name>118</name>
    </patch>
    <patch>
      <name>119</name>
    </patch>
    <patch>
      <name>120</name>
    </patch>
    <patch>
      <name>121</name>
    </patch>
    <patch>
      <name>122</name>
    </patch>
    <patch>
      <name>123</name>
    </patch>
    <patch>
      <name>124</name>
    </patch>
    <patch>
      <name>125</name>
    </patch>
    <patch>
      <name>126</name>
    </patch>
    <patch>
      <name>127</name>
    </patch>
    <patch>
      <name>128</name>
    </patch>
    <patch>
      <name>129</name>
    </patch>
    <patch>
      <name>130</name>
    </patch>
    <patch>
      <name>131</name>
    </patch>
    <patch>
      <name>132</name>
    </patch>
    <patch>
      <name>133</name>
    </patch>
    <patch>
      <name>134</name>
    </patch>
    <patch>
      <name>135</name>
    </patch>
    <patch>
      <name>136</name>
    </patch>
    <patch>
      <name>137</name>
    </patch>
    <patch>
      <name>138</name>
    </patch>
    <patch>
      <name>139</name>
    </patch>
    <patch>
      <name>140</name>
    </patch>
    <patch>
      <name>141</name>
    </patch>
    <patch>
      <name>142</name>
    </patch>
    <patch>
      <name>143</name>
    </patch>
    <patch>
      <name>144</name>
    </patch>
    <patch>
      <name>145</name>
    </patch>
    <patch>
      <name>146</name>
    </patch>
    <patch>
      <name>147</name>
    </patch>
    <patch>
      <name>148</name>
    </patch>
    <patch>
      <name>149</name>
    </patch>
    <patch>
      <name>150</name>
    </patch>
    <patch>
      <name>151</name>
    </patch>
    <patch>
      <name>152</name>
    </patch>
    <patch>
      <name>153</name>
    </patch>
    <patch>
      <name>154</name>
    </patch>
    <patch>
      <name>155</name>
    </patch>
    <patch>
      <name>156</name>
    </patch>
    <patch>
      <name>157</name>
    </patch>
    <patch>
      <name>158</name>
    </patch>
    <patch>
      <name>159</name>
    </patch>
    <patch>
      <name>160</name>
    </patch>
    <patch>
      <name>161</name>
    </patch>
    <patch>
      <name>162</name>
    </patch>
    <patch>
      <name>163</name>
    </patch>
    <patch>
      <name>164</name>
    </patch>
    <patch>
      <name>165</name>
    </patch>
    <patch>
      <name>166</name>
    </patch>
    <patch>
      <name>167</name>
    </patch>
    <patch>
      <name>168</name>
    </patch>
    <patch>
      <name>169</name>
    </patch>
    <patch>
      <name>170</name>
    </patch>
    <patch>
      <name>171</name>
    </patch>
    <patch>
      <name>172</name>
    </patch>
    <patch>
      <name>173</name>
    </patch>
    <patch>
      <name>174</name>
    </patch>
    <patch>
      <name>175</name>
    </patch>
    <patch>
      <name>176</name>
    </patch>
    <patch>
      <name>177</name>
    </patch>
    <patch>
      <name>178</name>
    </patch>
    <patch>
      <name>179</name>
    </patch>
    <patch>
      <name>180</name>
    </patch>
    <patch>
      <name>181</name>
    </patch>
    <patch>
      <name>182</name>
    </patch>
    <patch>
      <name>183</name>
    </patch>
    <patch>
      <name>184</name>
    </patch>
    <patch>
      <name>185</name>
    </patch>
    <patch>
      <name>186</name>
    </patch>
    <patch>
      <name>187</name>
    </patch>
    <patch>
      <name>188</name>
    </patch>
    <patch>
      <name>189</name>
    </patch>
    <patch>
      <name>190</name>
    </patch>
    <patch>
      <name>191</name>
    </patch>
    <patch>
      <name>192</name>
    </patch>
    <patch>
      <name>193</name>
    </patch>
    <patch>
      <name>194</name>
    </patch>
    <patch>
      <name>195</name>
    </patch>
    <patch>
      <name>196</name>
    </patch>
    <patch>
      <name>197</name>
    </patch>
    <patch>
      <name>198</name>
    </patch>
    <patch>
      <name>199</name>
    </patch>
    <!--200-->
    <patch>
      <name>200</name>
    </patch>
    <patch>
      <name>201</name>
    </patch>
    <patch>
      <name>202</name>
    </patch>
    <patch>
      <name>203</name>
    </patch>
    <patch>
      <name>204</name>
    </patch>
    <patch>
      <name>205</name>
    </patch>
    <patch>
      <name>206</name>
    </patch>
    <patch>
      <name>207</name>
    </patch>
    <patch>
      <name>208</name>
    </patch>
    <patch>
      <name>209</name>
    </patch>
    <patch>
      <name>210</name>
    </patch>
    <patch>
      <name>211</name>
    </patch>
    <patch>
      <name>212</name>
    </patch>
    <patch>
      <name>213</name>
    </patch>
    <patch>
      <name>214</name>
    </patch>
    <patch>
      <name>215</name>
    </patch>
    <patch>
      <name>216</name>
    </patch>
    <patch>
      <name>217</name>
    </patch>
    <patch>
      <name>218</name>
    </patch>
    <patch>
      <name>219</name>
    </patch>
    <patch>
      <name>220</name>
    </patch>
    <patch>
      <name>221</name>
    </patch>
    <patch>
      <name>222</name>
    </patch>
    <patch>
      <name>223</name>
    </patch>
    <patch>
      <name>224</name>
    </patch>
    <patch>
      <name>225</name>
    </patch>
    <patch>
      <name>226</name>
    </patch>
    <patch>
      <name>227</name>
    </patch>
    <patch>
      <name>228</name>
    </patch>
    <patch>
      <name>229</name>
    </patch>
    <patch>
      <name>230</name>
    </patch>
    <patch>
      <name>231</name>
    </patch>
    <patch>
      <name>232</name>
    </patch>
    <patch>
      <name>233</name>
    </patch>
    <patch>
      <name>234</name>
    </patch>
    <patch>
      <name>235</name>
    </patch>
    <patch>
      <name>236</name>
    </patch>
    <patch>
      <name>237</name>
    </patch>
    <patch>
      <name>238</name>
    </patch>
    <patch>
      <name>239</name>
    </patch>
    <patch>
      <name>240</name>
    </patch>
    <patch>
      <name>241</name>
    </patch>
    <patch>
      <name>242</name>
    </patch>
    <patch>
      <name>243</name>
    </patch>
    <patch>
      <name>244</name>
    </patch>
    <patch>
      <name>245</name>
    </patch>
    <patch>
      <name>246</name>
    </patch>
    <patch>
      <name>247</name>
    </patch>
    <patch>
      <name>248</name>
    </patch>
    <patch>
      <name>249</name>
    </patch>
    <patch>
      <name>250</name>
    </patch>
    <patch>
      <name>251</name>
    </patch>
    <patch>
      <name>252</name>
    </patch>
    <patch>
      <name>253</name>
    </patch>
    <patch>
      <name>254</name>
    </patch>
    <patch>
      <name>255</name>
    </patch>
    <patch>
      <name>256</name>
    </patch>
    <patch>
      <name>257</name>
    </patch>
    <patch>
      <name>258</name>
    </patch>
    <patch>
      <name>259</name>
    </patch>
    <patch>
      <name>260</name>
    </patch>
    <patch>
      <name>261</name>
    </patch>
    <patch>
      <name>262</name>
    </patch>
    <patch>
      <name>263</name>
    </patch>
    <patch>
      <name>264</name>
    </patch>
    <patch>
      <name>265</name>
    </patch>
    <patch>
      <name>266</name>
    </patch>
    <patch>
      <name>267</name>
    </patch>
    <patch>
      <name>268</name>
    </patch>
    <patch>
      <name>269</name>
    </patch>
    <patch>
      <name>270</name>
    </patch>
    <patch>
      <name>271</name>
    </patch>
    <patch>
      <name>272</name>
    </patch>
    <patch>
      <name>273</name>
    </patch>
    <patch>
      <name>274</name>
    </patch>
    <patch>
      <name>275</name>
    </patch>
    <patch>
      <name>276</name>
    </patch>
    <patch>
      <name>277</name>
    </patch>
    <patch>
      <name>278</name>
    </patch>
    <patch>
      <name>279</name>
    </patch>
    <patch>
      <name>280</name>
    </patch>
    <patch>
      <name>281</name>
    </patch>
    <patch>
      <name>282</name>
    </patch>
    <patch>
      <name>283</name>
    </patch>
    <patch>
      <name>284</name>
    </patch>
    <patch>
      <name>285</name>
    </patch>
    <patch>
      <name>286</name>
    </patch>
    <patch>
      <name>287</name>
    </patch>
    <patch>
      <name>288</name>
    </patch>
    <patch>
      <name>289</name>
    </patch>
    <patch>
      <name>290</name>
    </patch>
    <patch>
      <name>291</name>
    </patch>
    <patch>
      <name>292</name>
    </patch>
    <patch>
      <name>293</name>
    </patch>
    <patch>
      <name>294</name>
    </patch>
    <patch>
      <name>295</name>
    </patch>
    <patch>
      <name>296</name>
    </patch>
    <patch>
      <name>297</name>
    </patch>
    <patch>
      <name>298</name>
    </patch>
    <patch>
      <name>299</name>
    </patch>
    <!--300-->
    <patch>
      <name>300</name>
    </patch>
    <patch>
      <name>301</name>
    </patch>
    <patch>
      <name>302</name>
    </patch>
    <patch>
      <name>303</name>
    </patch>
    <patch>
      <name>304</name>
    </patch>
    <patch>
      <name>305</name>
    </patch>
    <patch>
      <name>306</name>
    </patch>
    <patch>
      <name>307</name>
    </patch>
    <patch>
      <name>308</name>
    </patch>
    <patch>
      <name>309</name>
    </patch>
    <patch>
      <name>310</name>
    </patch>
    <patch>
      <name>311</name>
    </patch>
    <patch>
      <name>312</name>
    </patch>
    <patch>
      <name>313</name>
    </patch>
    <patch>
      <name>314</name>
    </patch>
    <patch>
      <name>315</name>
    </patch>
    <patch>
      <name>316</name>
    </patch>
    <patch>
      <name>317</name>
    </patch>
    <patch>
      <name>318</name>
    </patch>
    <patch>
      <name>319</name>
    </patch>
    <patch>
      <name>320</name>
    </patch>
    <patch>
      <name>321</name>
    </patch>
    <patch>
      <name>322</name>
    </patch>
    <patch>
      <name>323</name>
    </patch>
    <patch>
      <name>324</name>
    </patch>
    <patch>
      <name>325</name>
    </patch>
    <patch>
      <name>326</name>
    </patch>
    <patch>
      <name>327</name>
    </patch>
    <patch>
      <name>328</name>
    </patch>
    <patch>
      <name>329</name>
    </patch>
    <patch>
      <name>330</name>
    </patch>
    <patch>
      <name>331</name>
    </patch>
    <patch>
      <name>332</name>
    </patch>
    <patch>
      <name>333</name>
    </patch>
    <patch>
      <name>334</name>
    </patch>
    <patch>
      <name>335</name>
    </patch>
    <patch>
      <name>336</name>
    </patch>
    <patch>
      <name>337</name>
    </patch>
    <patch>
      <name>338</name>
    </patch>
    <patch>
      <name>339</name>
    </patch>
    <patch>
      <name>340</name>
    </patch>
    <patch>
      <name>341</name>
    </patch>
    <patch>
      <name>342</name>
    </patch>
    <patch>
      <name>343</name>
    </patch>
    <patch>
      <name>344</name>
    </patch>
    <patch>
      <name>345</name>
    </patch>
    <patch>
      <name>346</name>
    </patch>
    <patch>
      <name>347</name>
    </patch>
    <patch>
      <name>348</name>
    </patch>
    <patch>
      <name>349</name>
    </patch>
    <patch>
      <name>350</name>
    </patch>
    <patch>
      <name>351</name>
    </patch>
    <patch>
      <name>352</name>
    </patch>
    <patch>
      <name>353</name>
    </patch>
    <patch>
      <name>354</name>
    </patch>
    <patch>
      <name>355</name>
    </patch>
    <patch>
      <name>356</name>
    </patch>
    <patch>
      <name>357</name>
    </patch>
    <patch>
      <name>358</name>
    </patch>
    <patch>
      <name>359</name>
    </patch>
    <patch>
      <name>360</name>
    </patch>
    <patch>
      <name>361</name>
    </patch>
    <patch>
      <name>362</name>
    </patch>
    <patch>
      <name>363</name>
    </patch>
    <patch>
      <name>364</name>
    </patch>
    <patch>
      <name>365</name>
    </patch>
    <patch>
      <name>366</name>
    </patch>
    <patch>
      <name>367</name>
    </patch>
    <patch>
      <name>368</name>
    </patch>
    <patch>
      <name>369</name>
    </patch>
    <patch>
      <name>370</name>
    </patch>
    <patch>
      <name>371</name>
    </patch>
    <patch>
      <name>372</name>
    </patch>
    <patch>
      <name>373</name>
    </patch>
    <patch>
      <name>374</name>
    </patch>
    <patch>
      <name>375</name>
    </patch>
    <patch>
      <name>376</name>
    </patch>
    <patch>
      <name>377</name>
    </patch>
    <patch>
      <name>378</name>
    </patch>
    <patch>
      <name>379</name>
    </patch>
    <patch>
      <name>380</name>
    </patch>
    <patch>
      <name>381</name>
    </patch>
    <patch>
      <name>382</name>
    </patch>
    <patch>
      <name>383</name>
    </patch>
    <patch>
      <name>384</name>
    </patch>
    <patch>
      <name>385</name>
    </patch>
    <patch>
      <name>386</name>
    </patch>
    <patch>
      <name>387</name>
    </patch>
    <patch>
      <name>388</name>
    </patch>
    <patch>
      <name>389</name>
    </patch>
    <patch>
      <name>390</name>
    </patch>
    <patch>
      <name>391</name>
    </patch>
    <patch>
      <name>392</name>
    </patch>
    <patch>
      <name>393</name>
    </patch>
    <patch>
      <name>394</name>
    </patch>
    <patch>
      <name>395</name>
    </patch>
    <patch>
      <name>396</name>
    </patch>
    <patch>
      <name>397</name>
    </patch>
    <patch>
      <name>398</name>
    </patch>
    <patch>
      <name>399</name>
    </patch>
    <!--END 300 -->
  </patchs>
</Data>